CountryName,year,Life Ladder,Log GDP,Social support,life exp,Free Life choice,Generosity,Corruption%,Posi affect,Nega affect,Confi in gov,Democratic,Delivery,GINI 00-17,gini(hhold income),Trust(81-84),Trust(94-98),Trust(05-09)
Afghanistan,2018,2.694303274,7.458603382,0.507515848,52.59999847,0.373535544,-0.08231879,0.927605689,0.424125314,0.404904395,0.364666402,-1.870724678,-1.438761234,,0.290681332,,,
Albania,2018,5.004402637,9.417862892,0.683591664,68.69999695,0.824212313,0.00833667,0.899129391,0.713299572,0.318996727,0.435337961,0.294234782,-0.129402891,0.30325,0.456174195,,0.243243247,
Algeria,2018,5.043086052,9.538645744,0.798651338,65.90000153,0.58338058,-0.167402998,0.758704126,0.591042936,0.292945564,,-0.887384355,-0.779862583,0.276,0.667871892,,,
Argentina,2018,5.792796612,9.813677788,0.899911582,68.80000305,0.845894694,-0.203153208,0.855255246,0.820309699,0.320502073,0.261352271,0.292616725,-0.135139301,0.460705882,0.40535593,0.270073295,0.170843616,0.174057528
Armenia,2018,5.062448502,9.124536514,0.814449012,66.90000153,0.807643652,-0.146650195,0.676826358,0.581487715,0.454840273,0.670827627,-0.266119272,-0.063555621,0.320235294,0.406403482,,0.234999999,
Australia,2018,7.17699337,10.72413254,0.940137267,73.59999847,0.916028142,0.143235072,0.404647499,0.759018838,0.187456369,0.468836874,1.202361107,1.761814594,0.343333333,0.429814219,0.478149384,0.39449206,0.461379021
Austria,2018,7.396001816,10.74663258,0.911668122,73,0.904111981,0.056910619,0.52306056,0.75235039,0.226058796,0.488678724,1.149097562,1.617538929,0.302692308,0.299504399,,,
Azerbaijan,2018,5.167995453,9.681030273,0.781229913,65.5,0.772449255,-0.24819541,0.561206281,0.592575371,0.191391662,0.834371924,-1.09736371,-0.477503091,0.2836,0.260409832,,0.194305688,
Bangladesh,2018,4.499217033,8.263374329,0.705556035,64.30000305,0.90147084,-0.039868109,0.701421201,0.541344702,0.361237794,0.831693113,-0.880446732,-0.779982507,0.32775,0.367609113,,0.204590157,
Belarus,2018,5.233769894,9.78368187,0.904569268,66.09999847,0.643602371,-0.17822665,0.718455493,0.45033285,0.235728621,0.421278685,-0.498618484,-0.496582389,0.278222222,0.293443888,,0.229923517,
Belgium,2018,6.89217186,10.67401123,0.929815531,72,0.808386624,-0.121812299,0.630411804,0.74956274,0.250297338,0.44194454,0.904804707,1.32094717,0.284307692,0.299524575,,,
Benin,2018,5.81982708,7.673940659,0.503544033,54.29999924,0.713264048,0.024184866,0.746510744,0.646655142,0.467871815,0.639219761,0.067495726,-0.490911514,0.432666667,0.606243253,,,
Bolivia,2018,5.915734291,8.851670265,0.827159464,63.59999847,0.863246858,-0.084552489,0.786044598,0.741972625,0.387468874,0.399588227,-0.142714158,-0.74803555,0.5165,0.450113028,,,
Bosnia and Herzegovina,2018,5.887401104,9.453757286,0.835889578,67.80000305,0.658846438,0.124249071,0.912857771,0.642939508,0.277365059,0.254097164,-0.317957431,-0.407497883,0.32525,0.385817498,,0.247500002,
Botswana,2018,3.4613657,9.712220192,0.794936001,58.90000153,0.817621112,-0.257586628,0.806945443,0.729643226,0.267083704,0.718788147,0.726948202,0.501335382,0.595,0.616160452,,,
Brazil,2018,6.190921783,9.56680584,0.881505251,66.40000153,0.75060904,-0.123364955,0.763251305,0.749727845,0.349656254,0.16818665,0.015775502,-0.364512831,0.5458125,0.420397133,,,0.093811095
Bulgaria,2018,5.098813534,9.868934631,0.923853278,66.80000305,0.724335909,-0.174633414,0.952014446,0.639021873,0.189090982,0.218995899,0.371510386,0.166838869,0.354666667,0.341206521,,0.236940295,0.19657068
Burkina Faso,2018,4.92723608,7.470561981,0.664859474,53.90000153,0.720743477,-0.004473624,0.757398605,0.710883558,0.342865527,0.622255087,-0.542066157,-0.380657762,0.394666667,0.605102122,,,0.143534184
Burundi,2018,3.775283098,6.492642403,0.484715223,53.40000153,0.646398604,-0.017551597,0.598607659,0.6664415,0.362766594,,-1.624758244,-1.337452173,0.36,0.680812716,,,
Cambodia,2018,5.121837616,8.261086464,0.794605374,61.59999847,0.958304822,0.034521259,,0.844592512,0.414345801,,-0.556551158,-0.878441215,,0.603439152,,,
Cameroon,2018,5.250737667,8.117328644,0.676825225,52.70000076,0.816304982,0.034764774,0.884441614,0.642436504,0.355642408,0.6452263,-1.239991426,-0.957109809,0.438333333,0.521751046,,,
Canada,2018,7.175496578,10.69353676,0.922718763,73.59999847,0.9457829,0.104157552,0.371740848,0.823668659,0.259397656,0.610466897,1.256022692,1.756427765,0.3368,0.46544224,,,0.418500453
Chad,2018,4.486325264,7.465358734,0.57725358,48.20000076,0.650354564,0.01177894,0.762879312,0.552737296,0.543836236,0.57743603,-1.466732502,-1.339207411,0.4155,0.60765475,,,
Chile,2018,6.436220646,10.03774738,0.890084922,69.90000153,0.78853035,-0.064061932,0.816297412,0.832562208,0.275820225,0.334744155,0.740085483,1.138784051,0.488375,0.434312701,,0.213770002,0.124709077
China,2018,5.131433964,9.691950798,0.787605345,69.30000305,0.895377696,-0.17087473,,0.85578388,0.189639792,,-0.855219722,-0.032678012,0.413,0.538205683,,0.504000008,0.496780038
Colombia,2018,5.983512402,9.497987747,0.870970428,67.69999695,0.850765765,-0.15052399,0.854820907,0.825455189,0.300624102,0.274869502,-0.311002165,-0.116685003,0.5384375,0.506853819,,0.10721992,0.143140495
Comoros,2018,3.972819567,7.829497337,0.621302962,57.20000076,0.560182333,0.094397821,0.793758333,0.74774158,0.337493658,0.317273706,-0.320303619,-1.163472414,0.506,0.598217666,,,
Congo (Brazzaville),2018,5.490214348,8.521998405,0.620622933,57.90000153,0.69870007,-0.126356408,0.738020182,0.587506592,0.447646171,0.473673612,-0.811939716,-1.259836912,0.481,0.597126544,,,
Costa Rica,2018,7.141074657,9.660432816,0.875872433,71.30000305,0.941888332,-0.099738315,0.781301796,0.870097816,0.32586664,0.479977787,0.815546334,0.472013324,0.490444444,0.786516607,,,
Croatia,2018,5.536271095,10.0705595,0.909806848,70.19999695,0.690855622,-0.148373082,0.925408304,0.582044125,0.290375978,0.248180911,0.635420918,0.340172559,0.321428571,0.322490156,,0.228260875,
Cyprus,2018,6.276443005,,0.825573206,73.69999695,0.794215024,,0.848337233,0.750122488,0.298021138,0.352440447,0.790700197,0.832913756,0.326166667,0.448661059,,,0.098875061
Czech Republic,2018,7.034165382,10.41737366,0.929163933,70.30000305,0.790132403,-0.289075017,0.851382256,0.713700116,0.178068101,0.420783311,0.985227764,0.934275389,0.264166667,0.254285723,,0.285191953,
Denmark,2018,7.648785591,10.77279568,0.958218873,72.40000153,0.935437799,0.020069527,0.150607437,0.821422637,0.20605281,0.632478476,1.2854321,1.882463813,0.267,0.479050666,,,
Dominican Republic,2018,5.433215618,9.669106483,0.861986339,65.80000305,0.866641581,-0.150283426,0.76227355,0.744871855,0.291403025,0.42177102,0.086112991,-0.405775726,0.486647059,0.52009505,,0.25179857,
Ecuador,2018,6.128010273,9.250733376,0.851345003,68.5,0.869363725,-0.099192053,0.830743194,0.876474917,0.328171045,0.402085185,-0.024169283,-0.585888147,0.4929375,0.438511908,,,
Egypt,2018,4.005450726,9.306898117,0.75882405,61.70000076,0.681654453,-0.220730901,,0.492260754,0.285183787,,-1.224556804,-0.612763584,0.3064,0.323928565,,,0.185012802
El Salvador,2018,6.241199493,8.908275604,0.820299745,66.09999847,0.863334596,-0.091392115,0.800699532,0.860207438,0.26958558,0.368898541,-0.146522194,-0.475450605,0.4535,0.464433402,,0.141148329,
Estonia,2018,6.091302395,10.34143639,0.932693779,68.59999847,0.885618389,-0.140961498,0.620677948,0.794730246,0.16318211,0.420202583,0.906468153,1.375397682,0.332461538,0.367194861,,0.21057786,
Ethiopia,2018,4.379262447,7.492364883,0.740154505,58.5,0.740343094,0.045616966,0.799466252,0.659520864,0.271753967,0.875270963,-1.251057625,-0.623892725,0.326666667,0.440552592,,,0.225263163
Finland,2018,7.85810709,10.64022255,0.962155044,71.90000153,0.937807381,-0.126522318,0.198604837,0.781546414,0.181780651,0.555102229,1.268653631,2.007365465,0.275615385,0.362294197,0.571719229,0.479229987,0.580378592
France,2018,6.665903568,10.58546066,0.921463072,73.80000305,0.816377223,-0.13704294,0.581775308,0.767313421,0.282451361,0.380547434,0.644274771,1.352642059,0.320923077,0.360965639,,,0.187642321
Gabon,2018,4.783009052,9.675469398,0.78482759,59.70000076,0.719135404,-0.210482344,0.82286346,0.640691638,0.417660981,0.311373711,-0.597674549,-0.81343323,0.401,0.485094249,,,
Gambia,2018,4.922099113,7.324285507,0.684799969,55,0.718728781,0.459917247,0.691069543,0.804012179,0.3792077,0.757543445,-0.113374949,-0.537259996,0.422666667,0.592391193,,,
Georgia,2018,4.659097195,9.225396156,0.617218554,64.5,0.7751441,-0.215954006,0.754853785,0.572953463,0.243778914,0.300006181,-0.08989875,0.693335652,0.380333333,0.419812053,,0.17679283,0.176588625
Germany,2018,7.118364334,10.73551273,0.919763148,72.19999695,0.8768875,0.035551026,0.495673954,0.780280411,0.243214577,0.592990577,1.013628483,1.736477613,0.307071429,0.283512622,,0.321322799,0.343591362
Ghana,2018,5.003693104,8.345656395,0.760716796,57.20000076,0.816680491,0.07082846,0.846328497,0.746900201,0.250001252,0.623060167,0.304300517,-0.083331525,0.429,0.700060844,,,0.084801041
Greece,2018,5.40928936,10.13224316,0.793500781,72.40000153,0.564455688,-0.33177492,0.860302389,0.665699065,0.255006582,0.157048658,0.474961132,0.180052489,0.346384615,0.315494269,,,
Guatemala,2018,6.626591682,8.923839569,0.841107249,64.80000305,0.909538031,-0.008713783,0.765454412,0.871362031,0.262411267,0.45706442,-0.441893369,-0.687801123,0.523666667,0.634369075,,,0.149302989
Guinea,2018,5.25222683,7.757030487,0.630433142,54.40000153,0.731157243,0.091247,0.778393805,0.743881047,0.4404383,0.59172374,-0.815170825,-1.00053668,0.387,0.603387713,,,
Haiti,2018,3.614928007,7.41233778,0.537975907,55.70000076,0.591468394,0.421073586,0.720444739,0.5841133,0.358720034,0.367896646,-0.686148882,-1.356632948,0.411,0.669433951,,,
Honduras,2018,5.908423901,8.425020218,0.827067018,67.19999695,0.872161686,0.108385473,0.803564787,0.871844649,0.287357897,0.398913682,-0.529653072,-0.682249129,0.544470588,0.672158837,,,
Hungary,2018,5.935770988,10.24859905,0.940591395,67.59999847,0.692627072,-0.244620562,0.911277413,0.676073134,0.201082885,0.388044029,0.536777139,0.42457962,0.297916667,0.269713759,0.331434399,0.22461538,0.288842171
India,2018,3.818068743,8.839162827,0.638051987,60.09999847,0.890443385,0.073478818,0.80526334,0.65728718,0.357458085,0.753280878,-0.288844347,-0.015170598,0.351666667,0.428205669,,0.328431368,0.206896558
Indonesia,2018,5.340295792,9.359265327,0.809378862,62.09999847,0.879374385,0.502897859,0.867729425,0.863717854,0.295986801,0.837602735,-0.17685011,-0.114464082,0.354555556,0.464347184,,,0.410996199
Iran,2018,4.278117657,9.823831558,0.673764706,66,0.603319883,0.05342691,0.703439772,0.553196609,0.493148893,0.549940705,-1.312347293,-0.844763994,0.408857143,0.44058615,,,0.105361827
Iraq,2018,5.099589825,9.652755737,0.793673038,60.20000076,0.643226683,-0.103620291,0.886389852,0.659687817,0.466499865,0.340682983,-1.77150774,-1.424551249,0.2905,0.510258555,,,0.391369611
Ireland,2018,6.962335587,11.16839504,0.937862396,72.30000305,0.861471593,0.145864114,0.362210244,0.810857236,0.213050067,0.618405282,1.174670815,1.506823421,0.326153846,0.366410613,,,
Israel,2018,6.92717886,10.42409515,0.90959543,73.30000305,0.724662304,0.057725761,0.770134807,0.66348964,0.28206256,0.422329724,-0.140643656,1.058998585,0.406142857,0.261861771,,,
Italy,2018,6.516526699,10.4839983,0.912656128,73.59999847,0.650009274,-0.018475328,0.887824833,0.649023056,0.402975351,0.206626192,0.678355575,0.391939759,0.344,0.457490861,,,0.282520324
Ivory Coast,2018,5.26837492,8.224980354,0.620882571,49.5,0.712590039,-0.034882672,0.790966868,0.682098389,0.385631382,0.535438716,-0.573687255,-0.459983766,0.42,0.52024436,,,
Japan,2018,5.793575287,10.57881451,0.886431932,75,0.77347213,-0.267349422,0.686784506,0.703355014,0.185300156,0.384880394,1.041165233,1.490977407,0.321,0.418661803,0.407622576,,0.3658759
Jordan,2018,4.638933659,9.025131226,0.799544334,66.80000305,0.762420297,-0.180878341,,,,,-0.540568948,0.144867927,0.343,0.391051114,,,0.30873093
Kazakhstan,2018,6.00763607,10.1161108,0.936656713,64.59999847,0.84018296,-0.104368672,0.82378298,0.69319874,0.161542282,0.615031958,-0.585732698,-0.192741677,0.301705882,0.384010792,,,
Kenya,2018,4.655702591,8.03166008,0.706719875,60.09999847,0.821412981,0.307633042,0.844244063,0.759102881,0.236920774,0.675367296,-0.762383461,-0.475130349,0.4365,0.584187031,,,
Kosovo,2018,6.391825676,9.220754623,0.82240653,,0.88973701,0.266715139,0.922078192,0.778271317,0.170248464,0.347546548,-0.362785161,-0.398765326,0.290166667,0.402302265,,,
Kyrgyzstan,2018,5.297383308,8.14525795,0.898147821,64.09999847,0.94494766,0.289287597,0.907405317,0.763270557,0.203300148,0.497065544,-0.478132546,-0.705863774,0.302388889,0.388922274,,,
Laos,2018,4.85940218,8.797018051,0.70473814,58.70000076,0.906660974,0.144093767,0.634239852,0.852213562,0.331882507,,-0.662214696,-0.822445273,0.348,0.552090645,,,
Latvia,2018,5.901154041,10.18253708,0.913276315,66.80000305,0.608207643,-0.212169394,0.798949242,0.585233271,0.191870555,0.1971623,0.617429554,0.879729688,0.360333333,0.330420047,,0.239166662,
Lebanon,2018,5.167186737,9.359378815,0.829380631,67.09999847,0.60703069,-0.052007224,0.906650305,0.463880777,0.270688891,0.219074845,-1.071995139,-0.713803768,0.318,0.319639176,,,
Liberia,2018,4.134852886,7.057189941,0.726750135,56.09999847,0.765769541,0.063384227,0.867924094,0.659731567,0.436099499,0.70391202,-0.117847972,-1.038041949,0.35,0.661966324,,,
Libya,2018,5.493977547,9.820405006,0.824165165,62.29999924,0.780558527,-0.1240087,0.645838797,0.705535412,0.398903102,,-1.981106281,-1.866143584,,0.596754014,,,
Lithuania,2018,6.308878899,10.34383869,0.929350138,67.30000305,0.698945105,-0.236302689,0.851745069,0.516805112,0.213559717,0.323758096,0.838079333,0.910233736,0.355,0.330166399,,0.213082254,
Luxembourg,2018,7.242630959,11.4482193,0.902192414,72.59999847,0.883929849,-0.018117551,0.385146111,0.750309467,0.201894343,0.755200863,1.470155001,1.858516932,0.316076923,0.326442361,,,
Macedonia,2018,5.239834785,9.509218216,0.84891516,67.5,0.744800925,-0.037230309,0.909934342,0.590138078,0.298352867,0.396141589,-0.10298568,-0.008344484,0.382142857,0.340062618,,0.075376883,
Madagascar,2018,4.070586681,7.281101227,0.665512979,59.09999847,0.551473081,0.005177877,0.889145672,0.752341032,0.362013817,0.442305923,-0.414243877,-0.925317764,0.43075,0.576086402,,,
Malawi,2018,3.334633589,7.058996677,0.527843475,57.59999847,0.798915148,0.060291581,0.765963793,0.586300433,0.364894032,0.572984874,-0.191557258,-0.630798101,0.433666667,0.702330112,,,
Malaysia,2018,5.338817596,10.24624062,0.789408565,67,0.874548256,0.116907127,0.894131124,0.824454665,0.200366735,0.732398391,0.076851055,0.673784018,0.439833333,0.4447622,,,0.088259786
Maldives,2018,5.197574615,9.518632889,0.913315058,70.59999847,0.854759276,0.038085498,,,,,-0.282681525,-0.603525162,0.3985,0.400257468,,,
Mali,2018,4.415729523,7.628334045,0.691859066,51.70000076,0.737204552,-0.031765934,0.793091416,0.770017266,0.369648188,0.510795414,-1.1802212,-0.761851907,0.372666667,0.598786891,,,0.171557561
Malta,2018,6.909710884,10.5491972,0.931541502,72.19999695,0.927340686,0.178217486,0.595199883,0.721224427,0.295698792,0.757713675,1.208754539,0.984862328,0.2911,0.385406852,,,
Mauritania,2018,4.313615322,8.222664833,0.801595509,57,0.466888547,-0.096153699,0.710529268,0.663382471,0.275557995,0.258394152,-0.760927856,-0.757670462,0.36875,,,,
Mauritius,2018,5.88174057,9.955833435,0.90884155,66.40000153,0.866928101,-0.077778153,0.78524971,0.77395165,0.157993257,0.619251132,0.816718757,0.738143384,0.371,0.432353795,,,
Mexico,2018,6.549578667,9.803771973,0.858068883,68.30000305,0.816200495,-0.18029736,0.808638096,0.88171345,0.213254362,0.294568479,-0.289177388,-0.384742588,0.4945,0.456424832,0.176534802,0.294242173,0.154983923
Moldova,2018,5.682277203,8.777977943,0.89207989,65,0.823824346,-0.045272201,0.928719878,0.58171463,0.27007246,0.237631857,-0.227829248,-0.413965732,0.322333333,0.400689602,,0.218495935,0.175908223
Mongolia,2018,5.464622974,9.409949303,0.941514134,62.29999924,0.695546806,0.044497125,0.848502219,0.654125035,0.191890299,0.270371318,0.525673151,-0.23937048,0.334,0.364350021,,,
Montenegro,2018,5.650189877,9.757191658,0.855979621,68.5,0.626431286,-0.046542142,0.768922508,0.589933157,0.354935259,0.398499161,0.094077423,0.153808981,0.3094,0.406528622,,0.304166675,
Morocco,2018,4.896791935,8.94073391,0.553759754,65.90000153,0.773180425,-0.243347257,0.843172729,0.638049185,0.415981561,,-0.497464448,-0.201780871,0.402666667,0.543106675,,,0.129991502
Mozambique,2018,4.653713703,7.073585987,0.738480449,54.20000076,0.896621585,0.050252248,0.691220403,0.639639556,0.397278726,0.832037926,-0.625558257,-0.856422663,0.488666667,0.784366608,,,
Myanmar,2018,4.410633087,8.686433792,0.773825943,59,0.906110823,0.47193861,0.646725893,0.776950598,0.300140351,0.878752649,-1.098166227,-0.86067462,0.381,0.424045384,,,
Namibia,2018,4.834087849,9.200050354,0.864214778,56.5,0.75390476,-0.176020458,0.845942497,0.739386976,0.240249082,0.62446779,0.570025444,0.159720987,0.611333333,0.771211088,,,
Nepal,2018,4.910086632,7.909842968,0.768335521,63.5,0.770093679,0.129088178,0.741752803,0.536977708,0.386792421,0.648398161,-0.37855196,-0.699923754,0.383,0.497896463,,,
Netherlands,2018,7.463097095,10.81551075,0.939443171,72.30000305,0.919985175,0.160900056,0.370557785,0.861976624,0.204794183,0.656541049,1.232368708,1.923523188,0.286333333,0.467997849,,,0.435723454
New Zealand,2018,7.370285988,10.50106621,0.953862727,73.19999695,0.94930017,0.122057065,0.206580222,0.845362604,0.16795145,0.64246124,1.582491875,1.925015926,,0.388641357,,0.483870953,0.511602223
Nicaragua,2018,5.81895256,8.499033928,0.854276538,67.5,0.797056854,0.013160613,0.712824762,0.792649329,0.408349842,0.343466878,-0.942207813,-0.897981703,0.4795,0.429590642,,,
Niger,2018,5.164007187,6.837319374,0.612025678,53.5,0.790665627,0.022408206,0.637166798,0.770557642,0.502554536,0.747923851,-0.922541022,-0.641634703,0.36875,,,,
Nigeria,2018,5.252288342,8.578443527,0.740854204,49.70000076,0.789881051,-0.018955085,0.865602672,0.80526185,0.256469876,0.45174095,-1.300313711,-0.957733512,0.4155,0.448463321,,0.176875904,
North Cyprus,2018,5.608056068,,0.837391794,,0.797066092,,0.613837004,0.480453104,0.261867821,0.378323644,,,,0.200969219,,,
Norway,2018,7.444262028,11.0889101,0.965961933,73.19999695,0.960429013,0.081801169,0.268201441,0.827414036,0.21186237,0.679502964,1.443175673,1.925274134,0.272230769,0.336649179,,0.647737384,0.737304688
Pakistan,2018,5.471553802,8.502672195,0.685059488,58.5,0.77256912,0.059652407,0.798841655,0.567294776,0.376706064,0.58938849,-1.534064054,-0.685510397,0.315125,0.381664693,,0.203742206,
Palestinian Territories,2018,4.5539217,,0.819479287,,0.654534519,,0.813779533,0.610405445,0.418928534,0.392373383,-1.318706512,-0.346896291,,0.48242107,,,
Panama,2018,6.281434059,10.0289917,0.904389799,69.59999847,0.861448109,-0.11679735,0.83693099,0.883580506,0.222598746,0.277477711,0.428827643,-0.06102182,0.529888889,0.570101619,,,
Peru,2018,5.679661274,9.456748009,0.84530139,68.09999847,0.829641998,-0.186320111,0.906244636,0.808621466,0.380032867,0.202403098,-0.012383185,-0.196101815,0.474555556,0.503060997,,0.048720066,0.062890917
Philippines,2018,5.869172573,8.979984283,0.845803261,61.90000153,0.917808175,-0.110120095,0.726483345,0.772846103,0.393481076,0.802007139,-0.541928113,-0.231766015,0.4645,0.474451542,,0.055,
Poland,2018,6.111485004,10.26644993,0.863444209,69.30000305,0.870215118,-0.256160796,0.720451355,0.742414594,0.176010624,0.427517712,0.634425044,0.65347296,0.33875,0.259132713,,0.169124022,0.181796342
Portugal,2018,5.919822693,10.26421642,0.887113273,72.40000153,0.877404213,-0.258045137,0.87972784,0.679104149,0.317994744,0.520630658,1.172319055,1.022420406,0.367538462,0.41846633,,,
Romania,2018,6.150878906,10.10822392,0.81793046,67.19999695,0.84515959,-0.215162858,0.921170175,0.735342503,0.298453927,0.226351306,0.258544385,0.098942317,0.3658,0.348827481,,0.179176763,0.196664751
Russia,2018,5.513500214,10.13947296,0.908726096,64.30000305,0.7292822,-0.152117521,0.865311563,0.673346281,0.198796302,0.45583874,-0.78086412,-0.565451145,0.3975,0.395370573,,0.232352942,0.247649342
Rwanda,2018,3.5610466,7.602468491,0.616172731,61.09999847,0.924231648,0.054650333,0.163809955,0.793367624,0.308199167,0.988120437,-0.506982803,0.24683398,0.473,0.647505581,,,0.048569527
Saudi Arabia,2018,6.356393337,10.79948616,0.867848396,66.30000305,0.85492152,-0.203871474,,0.764405489,0.288379908,,-1.081171513,0.194757178,,0.472084254,,,
Senegal,2018,4.769377232,8.118605614,0.739354789,59.59999847,0.629223466,-0.080519482,0.80477947,0.713894129,0.247074723,0.588927925,0.075530767,-0.15206638,0.402333333,0.393896788,,,
Serbia,2018,5.936493397,9.682552338,0.852945328,68.19999695,0.739891827,-0.101962924,0.863723576,0.558940828,0.296295851,0.476144999,0.042154621,-0.09938857,0.396,0.356202871,,0.284375012,
Sierra Leone,2018,4.305683136,7.262166977,0.649638355,50.79999924,0.716484487,0.101420261,0.855733216,0.551628053,0.466266662,0.779726207,-0.104530133,-0.827663243,0.371,0.690721095,,,
Singapore,2018,6.374564171,11.40857983,0.902840674,76.80000305,0.91607821,-0.070377715,0.096562929,0.787092984,0.106870778,0.892469287,0.725614965,2.095613718,,0.399787635,,,
Slovakia,2018,6.23511076,10.35221291,0.922378719,68.90000153,0.757634044,-0.174677894,0.909944654,0.75410521,0.253190041,0.327658623,0.814339638,0.602558374,0.26725,0.274584681,,0.257534236,
Slovenia,2018,6.249419212,10.39643002,0.940971196,71.09999847,0.942045867,-0.117247649,0.839252532,0.643971622,0.27548486,0.239274636,0.950989723,0.937337279,0.2495,0.34900409,,0.1529295,0.175898924
South Africa,2018,4.8839221,9.404647827,0.841343999,56.5,0.752731323,-0.055171583,0.841192603,0.812166572,0.282708496,0.5246858,0.190358356,0.097056501,0.624,0.685774684,0.290300071,0.175728798,
South Korea,2018,5.840231419,10.5126152,0.79772383,73.59999847,0.600161672,-0.088746227,0.796825886,0.66120857,0.217145726,0.389084011,0.670515239,1.029568315,0.319,0.398590952,0.380174279,0.302642107,0.282497466
Spain,2018,6.513370991,10.46469212,0.910314679,74.40000153,0.7222507,-0.074071385,0.776504457,0.659188032,0.357190847,0.285195619,0.659527779,0.882467508,0.345384615,0.359143615,,0.286672652,0.198379636
Sri Lanka,2018,4.435023785,9.388946533,0.832882166,67.19999695,0.858873606,0.103593104,0.855907619,0.830616057,0.301813632,0.582941115,-0.087190285,-0.174218416,0.3934,0.407672912,,,
Swaziland,2018,4.211565018,9.162239075,0.779269755,50.58631516,0.709973693,-0.193076208,0.692341149,0.824354708,0.252339154,0.689548731,-0.823841214,-0.432559729,0.523,0.732568085,,,
Sweden,2018,7.374792099,10.76201344,0.93067956,72.59999847,0.941724658,0.075677998,0.262796581,0.822675705,0.160755426,0.49439624,1.262371063,1.91663909,0.274153846,0.381509691,0.570789635,0.565906823,0.679727852
Switzerland,2018,7.508586884,10.98561859,0.930290997,74.09999847,0.926414549,0.101783037,0.301259965,0.792225957,0.191520154,0.84997946,1.4806422,1.940240026,0.3281,0.320724994,,0.378479093,0.518936038
Taiwan Province of China,2018,6.467004776,,0.896458745,,0.741032779,,0.735970736,0.848398566,0.092695646,0.311722934,0.91543889,1.21444416,,0.330177575,,,
Tajikistan,2018,5.497468948,8.026519775,0.875243485,64.09999847,,-0.066762313,0.577945948,0.694633186,0.219793811,,-1.206858277,-1.210999489,0.3266,0.35606721,,,
Tanzania,2018,3.445023298,7.969771862,0.6753304,57.5,0.807142138,0.13950853,0.611534059,0.762089312,0.221005499,0.914648473,-0.461791337,-0.593028426,0.384666667,0.568629265,,,
Thailand,2018,6.011561871,9.735346794,0.873052418,67.19999695,0.90482825,0.255532324,0.906596005,0.843489408,0.198190212,0.605364442,-0.869340301,0.021521257,0.392733333,0.482406765,,,0.415081978
Togo,2018,4.022894859,7.355933189,0.596353889,54.70000076,0.611966252,-0.012457929,0.808537722,0.608448625,0.446454376,0.323221207,-0.862419307,-0.756701827,0.437666667,0.444903791,,,
Tunisia,2018,4.741132259,9.314383507,0.732953548,66.90000153,0.649680078,-0.200811476,0.84011662,0.591726601,0.365014285,0.349490464,-0.345538557,-0.132594451,0.36775,0.431391299,,,
Turkey,2018,5.185689449,10.1380291,0.847027302,66.80000305,0.528629065,-0.176209301,0.804878533,0.434654295,0.350773096,0.513677061,-1.080861092,-0.174015671,0.4058,0.36262396,,0.06466376,0.048552454
Turkmenistan,2018,4.620601654,9.748527527,0.984488964,62.20000076,0.857774079,0.24129355,,0.612210274,0.189024538,,-1.075306177,-1.463231325,,0.247762427,,,
Uganda,2018,4.321714878,7.499628544,0.739841044,55.70000076,0.728512764,0.085156597,0.856106222,0.685168505,0.390319228,0.50385344,-0.679032624,-0.547333002,0.4322,0.655502677,,,
Ukraine,2018,4.661909103,9.011637688,0.900936723,64.59999847,0.663055062,-0.052373677,0.942960739,0.608771086,0.221851483,0.079710059,-0.919957578,-0.556694865,0.265,0.349749237,,0.287797928,0.266814858
United Arab Emirates,2018,6.603743553,11.10669899,0.851041317,67.09999847,0.943664372,0.044405125,,0.787243485,0.302041829,,-0.18304804,1.080240965,,0.721078634,,,
United Kingdom,2018,7.233445168,10.6005764,0.928483903,72.30000305,0.83750838,0.227180555,0.404276013,0.783171833,0.228275612,0.420859873,0.716346979,1.642240286,0.341083333,0.417473197,,0.304498315,0.300558358
United States,2018,6.882684708,10.92739487,0.903856039,68.30000305,0.824606657,0.113377593,0.709928274,0.8153826,0.292226255,0.3138161,0.758394837,1.482864618,0.408166667,0.701417923,0.453547865,0.349512935,0.393451452
Uruguay,2018,6.371714592,9.94827652,0.917315602,69,0.876210928,-0.103305973,0.682916045,0.876920342,0.274945587,0.361706048,1.12942934,0.730532765,0.424666667,0.437541783,,0.216404811,0.284393072
Uzbekistan,2018,6.205460072,8.73878479,0.920821011,65.09999847,0.969897985,0.3164258,0.520360112,0.825421572,0.208660305,0.969356358,-0.949705243,-0.948073864,0.348,0.385756522,,,
Venezuela,2018,5.005663395,,0.886882067,66.5,0.610855222,,0.827560008,0.759221494,0.373657614,0.260699689,-1.378953934,-1.930505514,0.497166667,,,0.13333334,
Vietnam,2018,5.295547009,8.79613018,0.83194524,67.90000153,0.909259796,-0.037812717,0.808422983,0.692222416,0.191061363,,-0.62111789,-0.219483897,0.36275,0.415666252,,,0.510053635
Yemen,2018,3.057513952,7.734108448,0.789421916,56.70000076,0.55272609,-0.148377404,0.792586863,0.461113781,0.31486994,0.308151186,-2.376622438,-1.802230954,0.357,0.448596567,,,
Zambia,2018,4.041488171,8.228970528,0.717720389,55.29999924,0.79062593,0.037524644,0.810731292,0.702697575,0.350962847,0.606715262,-0.089234382,-0.500723898,0.5274,0.619443059,,,0.110429451
Zimbabwe,2018,3.616479874,7.896704197,0.775388479,55.59999847,0.762674868,-0.063282222,0.844208658,0.710118651,0.211725846,0.550507784,-0.920905113,-1.323000431,0.432,0.541771829,,,
